Chromosome,Start,End,Sequence,Expected_Repeat,Repeat_Start,Repeat_End,Expanded_Repeat,Upstream_Context,Downstream_Context
chr1,17371411,17371420,AAAAAAAAA,(A)9,17371411,17371420,AAAAAAAAA,AAGG,TTAG
chr1,97981199,97981207,AAAAAAAA,(A)8,97981199,97981207,AAAAAAAA,TAGT,TCCA
chr1,98045434,98045442,AAAAAAAA,(A)8,98045434,98045442,AAAAAAAA,AGTT,TTCT
chr1,161332091,161332105,TTTTTTTTTTTTTT,(T)14,161332091,161332105,TTTTTTTTTTTTTT,TTCC,GCTT
chr10,89690743,89690751,TTTTTTTT,(T)8,89690743,89690751,TTTTTTTT,GTAC,CTTC
chr10,89692731,89692740,TTTTTTTTT,(T)9,89692731,89692740,TTTTTTTTT,AGAG,CTTA
chr10,89711833,89711841,TTTTTTTT,(T)8,89711833,89711841,TTTTTTTT,AACA,CAAT
chr10,89711855,89711863,TTTTTTTT,(T)8,89711855,89711863,TTTTTTTT,TCTC,CTGT
chr10,89725230,89725239,TTTTTTTTT,(T)9,89725230,89725239,TTTTTTTTT,TGAA,ATCA
chr10,89725293,89725304,TTTTTTTTTTT,(T)11,89725293,89725304,TTTTTTTTTTT,GACC,AATG
chr10,123256329,123256345,TTTTTTTTTTTTTTTT,(T)16,123256329,123256345,TTTTTTTTTTTTTTTT,ATGC,AAAG
chr12,25378716,25378724,AAAAAAAA,(A)8,25378716,25378724,AAAAAAAA,AAAG,GTTA
chr12,133237753,133237767,AAAAAAAAAAAAAA,(A)14,133237753,133237767,AAAAAAAAAAAAAA,CCTG,GGCA
chr13,32907420,32907428,AAAAAAAA,(A)8,32907420,32907428,AAAAAAAA,AAGG,TACC
chr13,32954022,32954030,AAAAAAAA,(A)8,32954022,32954030,AAAAAAAA,CGAC,CTCA
chr13,48922031,48922040,AAAAAAAAA,(A)9,48922031,48922040,AAAAAAAAA,ACTT,GATT
chr13,32893197,32893207,TTTTTTTTTT,(T)10,32893197,32893207,TTTTTTTTTT,GGGA,AAAT
chr13,32907535,32907546,TTTTTTTTTTT,(T)11,32907535,32907546,TTTTTTTTTTT,TGTC,GTAA
chr13,32954302,32954310,TTTTTTTT,(T)8,32954302,32954310,TTTTTTTT,TTAA,ATTG
chr13,32968808,32968816,TTTTTTTT,(T)8,32968808,32968816,TTTTTTTT,TTTC,CCAT
chr13,48922984,48922994,TTTTTTTTTT,(T)10,48922984,48922994,TTTTTTTTTT,GTCA,AATG
chr13,48923061,48923069,TTTTTTTT,(T)8,48923061,48923069,TTTTTTTT,CCTG,CTGC
chr13,48934140,48934149,TTTTTTTTT,(T)9,48934140,48934149,TTTTTTTTT,TACA,CAGG
chr13,48937185,48937193,TTTTTTTT,(T)8,48937185,48937193,TTTTTTTT,CATG,GTAA
chr13,48939204,48939214,TTTTTTTTTT,(T)10,48939204,48939214,TTTTTTTTTT,CACA,GCCC
chr13,48954159,48954172,TTTTTTTTTTTTT,(T)13,48954159,48954172,TTTTTTTTTTTTT,CTTC,AAAT
chr13,48955363,48955373,TTTTTTTTTT,(T)10,48955363,48955373,TTTTTTTTTT,TTAC,CATT
chr17,29687463,29687471,AAAAAAAA,(A)8,29687463,29687471,AAAAAAAA,ACTT,GGAA
chr17,37873562,37873570,CCCCCCCC,(C)8,37873562,37873570,CCCCCCCC,TCTG,AGGA
chr17,29482977,29482987,TTTTTTTTTT,(T)10,29482977,29482987,TTTTTTTTTT,CGTG,CTTT
chr17,29482988,29482997,TTTTTTTTT,(T)9,29482988,29482997,TTTTTTTTT,TTTC,CAGC
chr17,29508819,29508835,TTTTTTTTTTTTTTTT,(T)16,29508819,29508835,TTTTTTTTTTTTTTTT,TTGA,GTCT
chr17,29528325,29528335,TTTTTTTTTT,(T)10,29528325,29528335,TTTTTTTTTT,AGTG,AAAC
chr17,29528406,29528416,TTTTTTTTTT,(T)10,29528406,29528416,TTTTTTTTTT,CTGC,CTTT
chr17,29533434,29533442,TTTTTTTT,(T)8,29533434,29533442,TTTTTTTT,TGCA,AGTG
chr17,29553719,29553727,TTTTTTTT,(T)8,29553719,29553727,TTTTTTTT,GTGG,ACTC
chr17,29563075,29563088,TTTTTTTTTTTTT,(T)13,29563075,29563088,TTTTTTTTTTTTT,TTTG,GTTT
chr17,29588698,29588706,TTTTTTTT,(T)8,29588698,29588706,TTTTTTTT,CTAA,CTAA
chr17,29685481,29685490,TTTTTTTTT,(T)9,29685481,29685490,TTTTTTTTT,TGAC,CTTT
chr17,37657460,37657470,TTTTTTTTTT,(T)10,37657460,37657470,TTTTTTTTTT,ATTC,CTTG
chr17,37657481,37657489,TTTTTTTT,(T)8,37657481,37657489,TTTTTTTT,TTAA,CGTC
chr17,37676474,37676482,TTTTTTTT,(T)8,37676474,37676482,TTTTTTTT,TTTG,GTTT
chr17,37682638,37682646,TTTTTTTT,(T)8,37682638,37682646,TTTTTTTT,AACA,CCCC
chr17,41245586,41245594,TTTTTTTT,(T)8,41245586,41245594,TTTTTTTT,GTAC,CTTT
chr18,48581090,48581099,TTTTTTTTT,(T)9,48581090,48581099,TTTTTTTTT,AAGA,CTGG
chr18,48584855,48584871,TTTTTTTTTTTTTTTT,(T)16,48584855,48584871,TTTTTTTTTTTTTTTT,GCTA,GGTA
chr18,48603247,48603256,TTTTTTTTT,(T)9,48603247,48603256,TTTTTTTTT,AAAG,ACTG
chr19,50919530,50919538,CCCCCCCC,(C)8,50919530,50919538,CCCCCCCC,CAGG,ATGT
chr19,11144287,11144295,TTTTTTTT,(T)8,11144287,11144295,TTTTTTTT,CTTA,GCAT
chr19,11144367,11144376,TTTTTTTTT,(T)9,11144367,11144376,TTTTTTTTT,GTGG,CTAA
chr19,50911947,50911959,TTTTTTTTTTTT,(T)12,50911947,50911959,TTTTTTTTTTTT,ATGA,AAAG
chr2,209101905,209101915,AAAAAAAAAA,(A)10,209101905,209101915,AAAAAAAAAA,AAGG,GAAA
chr2,209103969,209103977,AAAAAAAA,(A)8,209103969,209103977,AAAAAAAA,GGGG,CACA
chr2,209110006,209110016,AAAAAAAAAA,(A)10,209110006,209110016,AAAAAAAAAA,GTTT,GAAG
chr2,209110175,209110185,AAAAAAAAAA,(A)10,209110175,209110185,AAAAAAAAAA,AAAG,TACC
chr2,209113048,209113058,AAAAAAAAAA,(A)10,209113048,209113058,AAAAAAAAAA,CATG,CATG
chr2,209116299,209116309,AAAAAAAAAA,(A)10,209116299,209116309,AAAAAAAAAA,AAAG,TACA
chr2,48030639,48030647,CCCCCCCC,(C)8,48030639,48030647,CCCCCCCC,GATA,TTCT
chr2,47635523,47635536,TTTTTTTTTTTTT,(T)13,47635523,47635536,TTTTTTTTTTTTT,GTAC,AAGG
chr2,47637613,47637621,TTTTTTTT,(T)8,47637613,47637621,TTTTTTTT,ACTC,GTAT
chr2,48032740,48032753,TTTTTTTTTTTTT,(T)13,48032740,48032753,TTTTTTTTTTTTT,GTGA,AAGG
chr2,209110270,209110289,TTTTTTTTTTTTTTTTTTT,(T)19,209110270,209110289,TTTTTTTTTTTTTTTTTTT,CTTC,AGGA
chr3,37042325,37042334,AAAAAAAAA,(A)9,37042325,37042334,AAAAAAAAA,AAAG,CTCT
chr3,41279432,41279440,AAAAAAAA,(A)8,41279432,41279440,AAAAAAAA,CTTT,TTAG
chr3,178917412,178917420,AAAAAAAA,(A)8,178917412,178917420,AAAAAAAA,TTGC,CATG
chr3,178937630,178937641,AAAAAAAAAAA,(A)11,178937630,178937641,AAAAAAAAAAA,GCTT,TTAT
chr3,37042348,37042357,TTTTTTTTT,(T)9,37042348,37042357,TTTTTTTTT,AGGA,CCTG
chr3,41265405,41265413,TTTTTTTT,(T)8,41265405,41265413,TTTTTTTT,TGGG,GTGG
chr3,41265953,41265962,TTTTTTTTT,(T)9,41265953,41265962,TTTTTTTTT,ATTC,AAAT
chr3,178927848,178927860,TTTTTTTTTTTT,(T)12,178927848,178927860,TTTTTTTTTTTT,TCAA,AGAT
chr3,178941853,178941862,TTTTTTTTT,(T)9,178941853,178941862,TTTTTTTTT,ATCC,AATC
chr4,55095682,55095693,AAAAAAAAAAA,(A)11,55095682,55095693,AAAAAAAAAAA,CAAG,GGAG
chr4,55131001,55131018,AAAAAAAAAAAAAAAAA,(A)17,55131001,55131018,AAAAAAAAAAAAAAAAA,TCTT,CCCA
chr4,1806012,1806023,GGGGGGGGGGG,(G)11,1806012,1806023,GGGGGGGGGGG,CCGT,CCAG
chr4,55130161,55130176,TTTTTTTTTTTTTTT,(T)15,55130161,55130176,TTTTTTTTTTTTTTT,AGGA,AAAT
chr4,55589945,55589953,TTTTTTTT,(T)8,55589945,55589953,TTTTTTTT,CTGA,AAAA
chr4,55589977,55589985,TTTTTTTT,(T)8,55589977,55589985,TTTTTTTT,ATTG,CTAG
chr5,112154544,112154552,GGGGGGGG,(G)8,112154544,112154552,GGGGGGGG,TGGC,TTGT
chr5,228278,228287,TTTTTTTTT,(T)9,228278,228287,TTTTTTTTT,GCCC,CCTT
chr5,240457,240465,TTTTTTTT,(T)8,240457,240465,TTTTTTTT,TAGC,GTTT
chr5,112162713,112162722,TTTTTTTTT,(T)9,112162713,112162722,TTTTTTTTT,TGAG,CCTA
chr5,112163027,112163035,TTTTTTTT,(T)8,112163027,112163035,TTTTTTTT,TTTC,CACT
chr5,112164716,112164724,TTTTTTTT,(T)8,112164716,112164724,TTTTTTTT,TGGC,GCTG
chr6,117644889,117644897,AAAAAAAA,(A)8,117644889,117644897,AAAAAAAA,TTAG,TAGC
chr7,6012843,6012851,AAAAAAAA,(A)8,6012843,6012851,AAAAAAAA,AGAG,TTTG
chr7,6022696,6022705,AAAAAAAAA,(A)9,6022696,6022705,AAAAAAAAA,TAAT,GTCA
chr7,6029348,6029356,AAAAAAAA,(A)8,6029348,6029356,AAAAAAAA,TGTC,GTTT
chr7,6036895,6036904,AAAAAAAAA,(A)9,6036895,6036904,AAAAAAAAA,CTTT,GCTC
chr7,6037057,6037074,AAAAAAAAAAAAAAAAA,(A)17,6037057,6037074,AAAAAAAAAAAAAAAAA,ACTG,TTCA
chr7,6037153,6037161,AAAAAAAA,(A)8,6037153,6037161,AAAAAAAA,GCGC,TTAA
chr7,140434294,140434303,AAAAAAAAA,(A)9,140434294,140434303,AAAAAAAAA,CCTT,GAGA
chr7,140439756,140439764,AAAAAAAA,(A)8,140439756,140439764,AAAAAAAA,AGAG,GGGA
chr7,140482263,140482279,AAAAAAAAAAAAAAAA,(A)16,140482263,140482279,AAAAAAAAAAAAAAAA,TTCC,TCAA
chr7,140483386,140483394,AAAAAAAA,(A)8,140483386,140483394,AAAAAAAA,TATT,GGAA
chr7,140485985,140485994,AAAAAAAAA,(A)9,140485985,140485994,AAAAAAAAA,CAGG,GCTT
chr7,140487982,140487990,AAAAAAAA,(A)8,140487982,140487990,AAAAAAAA,CCTT,TTAT
chr7,140501083,140501091,AAAAAAAA,(A)8,140501083,140501091,AAAAAAAA,ACTT,TTCT
chr7,140507735,140507744,AAAAAAAAA,(A)9,140507735,140507744,AAAAAAAAA,TTTC,TGTA
chr7,6012919,6012927,TTTTTTTT,(T)8,6012919,6012927,TTTTTTTT,TGTA,AAGT
chr7,6027156,6027164,TTTTTTTT,(T)8,6027156,6027164,TTTTTTTT,CGTC,CTTC
chr7,116397478,116397486,TTTTTTTT,(T)8,116397478,116397486,TTTTTTTT,TGGG,CCAG
chr7,116398498,116398506,TTTTTTTT,(T)8,116398498,116398506,TTTTTTTT,TTAA,GTTC
chr7,116409675,116409690,TTTTTTTTTTTTTTT,(T)15,116409675,116409690,TTTTTTTTTTTTTTT,AACC,CCTT
chr7,140476993,140477005,TTTTTTTTTTTT,(T)12,140476993,140477005,TTTTTTTTTTTT,AAGC,AAAA
chr7,140484910,140484918,TTTTTTTT,(T)8,140484910,140484918,TTTTTTTT,AATC,GTCT
chr7,140494073,140494082,TTTTTTTTT,(T)9,140494073,140494082,TTTTTTTTT,TTGG,AGTT
chr7,140549864,140549872,TTTTTTTT,(T)8,140549864,140549872,TTTTTTTT,TTCA,CTTT
chr7,55269062,55269078,TCTCTCTCTCTCTCTC,(TC)8,55269062,55269078,TCTCTCTCTCTCTCTC,TCTG,AAGC
